--==========================================================================================================================	
-- BuildingClasses
--==========================================================================================================================	
INSERT INTO BuildingClasses 	
		(Type, 						 		DefaultBuilding, 							Description)
VALUES	('BUILDINGCLASS_JFD_ICELAND', 		'BUILDING_JFD_ICELAND_GREAT_WORK_SKALD_0', 	'TXT_KEY_BUILDING_JFD_ICELAND_GREAT_WRITING'),
		('BUILDINGCLASS_JFD_ICELAND_ALT', 	'BUILDING_JFD_ICELAND_HAPPINESS', 			'TXT_KEY_BUILDING_JFD_ICELAND_HAPPINESS');
--==========================================================================================================================	
-- Buildings
--==========================================================================================================================	
INSERT INTO Buildings 	
			(Type, 							BuildingProductionModifier,	TradeRouteSeaDistanceModifier,	GreatWorkCount, GreatWorkSlotType,	BuildingClass, PrereqTech, Cost,	SpecialistType, SpecialistCount, GoldMaintenance, MinAreaSize, Description, 						Civilopedia, 							Help, 										Strategy,										ArtDefineTag, PortraitIndex,	IconAtlas)
SELECT		('BUILDING_JFD_THINGSTEAD'),	10,							50,								GreatWorkCount,	GreatWorkSlotType,	BuildingClass, PrereqTech, Cost-20, SpecialistType, SpecialistCount, GoldMaintenance, MinAreaSize, ('TXT_KEY_BUILDING_JFD_THINGSTEAD'),	('TXT_KEY_CIV5_JFD_THINGSTEAD_TEXT'),	('TXT_KEY_BUILDING_JFD_THINGSTEAD_HELP'),	('TXT_KEY_BUILDING_JFD_THINGSTEAD_STRATEGY'),	ArtDefineTag, 4, 				('JFD_ICELAND_ATLAS')
FROM Buildings WHERE Type = 'BUILDING_AMPHITHEATER';	

INSERT INTO Buildings 	
			(Type, 						 					BuildingClass, 					GreatWorkSlotType,				Happiness,			GreatWorkCount,	FreeGreatWork,			Cost, FaithCost, PrereqTech, Description, 									Help, 												PortraitIndex,	SpecialistType, 	NukeImmune,	ConquestProb, 	IconAtlas)
VALUES		('BUILDING_JFD_ICELAND_GREAT_WORK_SKALD_0', 	'BUILDINGCLASS_JFD_ICELAND',	'GREAT_WORK_SLOT_LITERATURE',	0,					1, 				NULL,					-1,   -1, 		 NULL, 		 'TXT_KEY_BUILDING_JFD_ICELAND_GREAT_WRITING',	'TXT_KEY_BUILDING_JFD_ICELAND_GREAT_WRITING_HELP',	2,				null,				1,			100,			'JFD_ICELAND_ATLAS'),
			('BUILDING_JFD_ICELAND_GREAT_WORK_SKALD_1', 	'BUILDINGCLASS_JFD_ICELAND',	'GREAT_WORK_SLOT_LITERATURE',	0,					1, 				'GREAT_WORK_SKALD_1',	-1,   -1, 		 NULL, 		 'TXT_KEY_BUILDING_JFD_ICELAND_GREAT_WRITING',	'TXT_KEY_BUILDING_JFD_ICELAND_GREAT_WRITING_HELP',	2,				null,				1,			100,			'JFD_ICELAND_ATLAS'),
			('BUILDING_JFD_ICELAND_GREAT_WORK_SKALD_2', 	'BUILDINGCLASS_JFD_ICELAND',	'GREAT_WORK_SLOT_LITERATURE',	0,					1, 				'GREAT_WORK_SKALD_2',	-1,   -1, 		 NULL, 		 'TXT_KEY_BUILDING_JFD_ICELAND_GREAT_WRITING',	'TXT_KEY_BUILDING_JFD_ICELAND_GREAT_WRITING_HELP',	2,				null,				1,			100,			'JFD_ICELAND_ATLAS'),
			('BUILDING_JFD_ICELAND_GREAT_WORK_SKALD_3', 	'BUILDINGCLASS_JFD_ICELAND',	'GREAT_WORK_SLOT_LITERATURE',	0,					1, 				'GREAT_WORK_SKALD_3',	-1,   -1, 		 NULL, 		 'TXT_KEY_BUILDING_JFD_ICELAND_GREAT_WRITING',	'TXT_KEY_BUILDING_JFD_ICELAND_GREAT_WRITING_HELP',	2,				null,				1,			100,			'JFD_ICELAND_ATLAS'),
			('BUILDING_JFD_ICELAND_GREAT_WORK_SKALD_4', 	'BUILDINGCLASS_JFD_ICELAND',	'GREAT_WORK_SLOT_LITERATURE',	0,					1, 				'GREAT_WORK_SKALD_4',	-1,   -1, 		 NULL, 		 'TXT_KEY_BUILDING_JFD_ICELAND_GREAT_WRITING',	'TXT_KEY_BUILDING_JFD_ICELAND_GREAT_WRITING_HELP',	2,				null,				1,			100,			'JFD_ICELAND_ATLAS'),
			('BUILDING_JFD_ICELAND_GREAT_WORK_SKALD_5', 	'BUILDINGCLASS_JFD_ICELAND',	'GREAT_WORK_SLOT_LITERATURE',	0,					1, 				'GREAT_WORK_SKALD_5',	-1,   -1, 		 NULL, 		 'TXT_KEY_BUILDING_JFD_ICELAND_GREAT_WRITING',	'TXT_KEY_BUILDING_JFD_ICELAND_GREAT_WRITING_HELP',	2,				null,				1,			100,			'JFD_ICELAND_ATLAS'),
			('BUILDING_JFD_ICELAND_GREAT_WORK_SKALD_6', 	'BUILDINGCLASS_JFD_ICELAND',	'GREAT_WORK_SLOT_LITERATURE',	0,					1, 				'GREAT_WORK_SKALD_6',	-1,   -1, 		 NULL, 		 'TXT_KEY_BUILDING_JFD_ICELAND_GREAT_WRITING',	'TXT_KEY_BUILDING_JFD_ICELAND_GREAT_WRITING_HELP',	2,				null,				1,			100,			'JFD_ICELAND_ATLAS'),
			('BUILDING_JFD_ICELAND_GREAT_WORK_SKALD_7', 	'BUILDINGCLASS_JFD_ICELAND',	'GREAT_WORK_SLOT_LITERATURE',	0,					1, 				'GREAT_WORK_SKALD_7',	-1,   -1, 		 NULL, 		 'TXT_KEY_BUILDING_JFD_ICELAND_GREAT_WRITING',	'TXT_KEY_BUILDING_JFD_ICELAND_GREAT_WRITING_HELP',	2,				null,				1,			100,			'JFD_ICELAND_ATLAS'),
			('BUILDING_JFD_ICELAND_GREAT_WORK_SKALD_8', 	'BUILDINGCLASS_JFD_ICELAND',	'GREAT_WORK_SLOT_LITERATURE',	0,					1, 				'GREAT_WORK_SKALD_8',	-1,   -1, 		 NULL, 		 'TXT_KEY_BUILDING_JFD_ICELAND_GREAT_WRITING',	'TXT_KEY_BUILDING_JFD_ICELAND_GREAT_WRITING_HELP',	2,				null,				1,			100,			'JFD_ICELAND_ATLAS'),
			('BUILDING_JFD_ICELAND_GREAT_WORK_SKALD_9', 	'BUILDINGCLASS_JFD_ICELAND',	'GREAT_WORK_SLOT_LITERATURE',	0,					1, 				'GREAT_WORK_SKALD_9',	-1,   -1, 		 NULL, 		 'TXT_KEY_BUILDING_JFD_ICELAND_GREAT_WRITING',	'TXT_KEY_BUILDING_JFD_ICELAND_GREAT_WRITING_HELP',	2,				null,				1,			100,			'JFD_ICELAND_ATLAS'),
			('BUILDING_JFD_ICELAND_GREAT_WORK_SKALD_10', 	'BUILDINGCLASS_JFD_ICELAND',	'GREAT_WORK_SLOT_LITERATURE',	0,					1, 				'GREAT_WORK_SKALD_10',	-1,   -1, 		 NULL, 		 'TXT_KEY_BUILDING_JFD_ICELAND_GREAT_WRITING',	'TXT_KEY_BUILDING_JFD_ICELAND_GREAT_WRITING_HELP',	2,				null,				1,			100,			'JFD_ICELAND_ATLAS'),
			('BUILDING_JFD_ICELAND_GREAT_WORK_SKALD_11', 	'BUILDINGCLASS_JFD_ICELAND',	'GREAT_WORK_SLOT_LITERATURE',	0,					1, 				'GREAT_WORK_SKALD_11',	-1,   -1, 		 NULL, 		 'TXT_KEY_BUILDING_JFD_ICELAND_GREAT_WRITING',	'TXT_KEY_BUILDING_JFD_ICELAND_GREAT_WRITING_HELP',	2,				null,				1,			100,			'JFD_ICELAND_ATLAS'),
			('BUILDING_JFD_ICELAND_GREAT_WORK_SKALD_12', 	'BUILDINGCLASS_JFD_ICELAND',	'GREAT_WORK_SLOT_LITERATURE',	0,					1, 				'GREAT_WORK_SKALD_12',	-1,   -1, 		 NULL, 		 'TXT_KEY_BUILDING_JFD_ICELAND_GREAT_WRITING',	'TXT_KEY_BUILDING_JFD_ICELAND_GREAT_WRITING_HELP',	2,				null,				1,			100,			'JFD_ICELAND_ATLAS'),
			('BUILDING_JFD_ICELAND_GREAT_WORK_SKALD_13', 	'BUILDINGCLASS_JFD_ICELAND',	'GREAT_WORK_SLOT_LITERATURE',	0,					1, 				'GREAT_WORK_SKALD_13',	-1,   -1, 		 NULL, 		 'TXT_KEY_BUILDING_JFD_ICELAND_GREAT_WRITING',	'TXT_KEY_BUILDING_JFD_ICELAND_GREAT_WRITING_HELP',	2,				null,				1,			100,			'JFD_ICELAND_ATLAS'),
			('BUILDING_JFD_ICELAND_GREAT_WORK_SKALD_14', 	'BUILDINGCLASS_JFD_ICELAND',	'GREAT_WORK_SLOT_LITERATURE',	0,					1, 				'GREAT_WORK_SKALD_14',	-1,   -1, 		 NULL, 		 'TXT_KEY_BUILDING_JFD_ICELAND_GREAT_WRITING',	'TXT_KEY_BUILDING_JFD_ICELAND_GREAT_WRITING_HELP',	2,				null,				1,			100,			'JFD_ICELAND_ATLAS'),
			('BUILDING_JFD_ICELAND_GREAT_WORK_SKALD_15', 	'BUILDINGCLASS_JFD_ICELAND',	'GREAT_WORK_SLOT_LITERATURE',	0,					1, 				'GREAT_WORK_SKALD_15',	-1,   -1, 		 NULL, 		 'TXT_KEY_BUILDING_JFD_ICELAND_GREAT_WRITING',	'TXT_KEY_BUILDING_JFD_ICELAND_GREAT_WRITING_HELP',	2,				null,				1,			100,			'JFD_ICELAND_ATLAS'),
			('BUILDING_JFD_ICELAND_GREAT_WORK_SKALD_16', 	'BUILDINGCLASS_JFD_ICELAND',	'GREAT_WORK_SLOT_LITERATURE',	0,					1, 				'GREAT_WORK_SKALD_16',	-1,   -1, 		 NULL, 		 'TXT_KEY_BUILDING_JFD_ICELAND_GREAT_WRITING',	'TXT_KEY_BUILDING_JFD_ICELAND_GREAT_WRITING_HELP',	2,				null,				1,			100,			'JFD_ICELAND_ATLAS'),
			('BUILDING_JFD_ICELAND_GREAT_WORK_SKALD_17', 	'BUILDINGCLASS_JFD_ICELAND',	'GREAT_WORK_SLOT_LITERATURE',	0,					1, 				'GREAT_WORK_SKALD_17',	-1,   -1, 		 NULL, 		 'TXT_KEY_BUILDING_JFD_ICELAND_GREAT_WRITING',	'TXT_KEY_BUILDING_JFD_ICELAND_GREAT_WRITING_HELP',	2,				null,				1,			100,			'JFD_ICELAND_ATLAS'),
			('BUILDING_JFD_ICELAND_GREAT_WORK_SKALD_18', 	'BUILDINGCLASS_JFD_ICELAND',	'GREAT_WORK_SLOT_LITERATURE',	0,					1, 				'GREAT_WORK_SKALD_18',	-1,   -1, 		 NULL, 		 'TXT_KEY_BUILDING_JFD_ICELAND_GREAT_WRITING',	'TXT_KEY_BUILDING_JFD_ICELAND_GREAT_WRITING_HELP',	2,				null,				1,			100,			'JFD_ICELAND_ATLAS'),
			('BUILDING_JFD_ICELAND_GREAT_WORK_SKALD_19', 	'BUILDINGCLASS_JFD_ICELAND',	'GREAT_WORK_SLOT_LITERATURE',	0,					1, 				'GREAT_WORK_SKALD_19',	-1,   -1, 		 NULL, 		 'TXT_KEY_BUILDING_JFD_ICELAND_GREAT_WRITING',	'TXT_KEY_BUILDING_JFD_ICELAND_GREAT_WRITING_HELP',	2,				null,				1,			100,			'JFD_ICELAND_ATLAS'),
			('BUILDING_JFD_ICELAND_GREAT_WORK_SKALD_20', 	'BUILDINGCLASS_JFD_ICELAND',	'GREAT_WORK_SLOT_LITERATURE',	0,					1, 				'GREAT_WORK_SKALD_20',	-1,   -1, 		 NULL, 		 'TXT_KEY_BUILDING_JFD_ICELAND_GREAT_WRITING',	'TXT_KEY_BUILDING_JFD_ICELAND_GREAT_WRITING_HELP',	2,				null,				1,			100,			'JFD_ICELAND_ATLAS'),
			('BUILDING_JFD_ICELAND_GREAT_WORK_SKALD_21', 	'BUILDINGCLASS_JFD_ICELAND',	'GREAT_WORK_SLOT_LITERATURE',	0,					1, 				'GREAT_WORK_SKALD_21',	-1,   -1, 		 NULL, 		 'TXT_KEY_BUILDING_JFD_ICELAND_GREAT_WRITING',	'TXT_KEY_BUILDING_JFD_ICELAND_GREAT_WRITING_HELP',	2,				null,				1,			100,			'JFD_ICELAND_ATLAS'),
			('BUILDING_JFD_ICELAND_GREAT_WORK_SKALD_22', 	'BUILDINGCLASS_JFD_ICELAND',	'GREAT_WORK_SLOT_LITERATURE',	0,					1, 				'GREAT_WORK_SKALD_22',	-1,   -1, 		 NULL, 		 'TXT_KEY_BUILDING_JFD_ICELAND_GREAT_WRITING',	'TXT_KEY_BUILDING_JFD_ICELAND_GREAT_WRITING_HELP',	2,				null,				1,			100,			'JFD_ICELAND_ATLAS'),
			('BUILDING_JFD_ICELAND_GREAT_WORK_SKALD_23', 	'BUILDINGCLASS_JFD_ICELAND',	'GREAT_WORK_SLOT_LITERATURE',	0,					1, 				'GREAT_WORK_SKALD_23',	-1,   -1, 		 NULL, 		 'TXT_KEY_BUILDING_JFD_ICELAND_GREAT_WRITING',	'TXT_KEY_BUILDING_JFD_ICELAND_GREAT_WRITING_HELP',	2,				null,				1,			100,			'JFD_ICELAND_ATLAS'),
			('BUILDING_JFD_ICELAND_GREAT_WORK_SKALD_24', 	'BUILDINGCLASS_JFD_ICELAND',	'GREAT_WORK_SLOT_LITERATURE',	0,					1, 				'GREAT_WORK_SKALD_24',	-1,   -1, 		 NULL, 		 'TXT_KEY_BUILDING_JFD_ICELAND_GREAT_WRITING',	'TXT_KEY_BUILDING_JFD_ICELAND_GREAT_WRITING_HELP',	2,				null,				1,			100,			'JFD_ICELAND_ATLAS'),
			('BUILDING_JFD_ICELAND_GREAT_WORK_SKALD_25', 	'BUILDINGCLASS_JFD_ICELAND',	'GREAT_WORK_SLOT_LITERATURE',	0,					1, 				'GREAT_WORK_SKALD_25',	-1,   -1, 		 NULL, 		 'TXT_KEY_BUILDING_JFD_ICELAND_GREAT_WRITING',	'TXT_KEY_BUILDING_JFD_ICELAND_GREAT_WRITING_HELP',	2,				null,				1,			100,			'JFD_ICELAND_ATLAS'),
			('BUILDING_JFD_ICELAND_GREAT_WORK_SKALD_26', 	'BUILDINGCLASS_JFD_ICELAND',	'GREAT_WORK_SLOT_LITERATURE',	0,					1, 				'GREAT_WORK_SKALD_26',	-1,   -1, 		 NULL, 		 'TXT_KEY_BUILDING_JFD_ICELAND_GREAT_WRITING',	'TXT_KEY_BUILDING_JFD_ICELAND_GREAT_WRITING_HELP',	2,				null,				1,			100,			'JFD_ICELAND_ATLAS'),
			('BUILDING_JFD_ICELAND_GREAT_WORK_SKALD_27', 	'BUILDINGCLASS_JFD_ICELAND',	'GREAT_WORK_SLOT_LITERATURE',	0,					1, 				'GREAT_WORK_SKALD_27',	-1,   -1, 		 NULL, 		 'TXT_KEY_BUILDING_JFD_ICELAND_GREAT_WRITING',	'TXT_KEY_BUILDING_JFD_ICELAND_GREAT_WRITING_HELP',	2,				null,				1,			100,			'JFD_ICELAND_ATLAS'),
			('BUILDING_JFD_ICELAND_GREAT_WORK_SKALD_28', 	'BUILDINGCLASS_JFD_ICELAND',	'GREAT_WORK_SLOT_LITERATURE',	0,					1, 				'GREAT_WORK_SKALD_28',	-1,   -1, 		 NULL, 		 'TXT_KEY_BUILDING_JFD_ICELAND_GREAT_WRITING',	'TXT_KEY_BUILDING_JFD_ICELAND_GREAT_WRITING_HELP',	2,				null,				1,			100,			'JFD_ICELAND_ATLAS'),
			('BUILDING_JFD_ICELAND_GREAT_WORK_SKALD_29', 	'BUILDINGCLASS_JFD_ICELAND',	'GREAT_WORK_SLOT_LITERATURE',	0,					1, 				'GREAT_WORK_SKALD_29',	-1,   -1, 		 NULL, 		 'TXT_KEY_BUILDING_JFD_ICELAND_GREAT_WRITING',	'TXT_KEY_BUILDING_JFD_ICELAND_GREAT_WRITING_HELP',	2,				null,				1,			100,			'JFD_ICELAND_ATLAS'),
			('BUILDING_JFD_ICELAND_GREAT_WORK_SKALD_30', 	'BUILDINGCLASS_JFD_ICELAND',	'GREAT_WORK_SLOT_LITERATURE',	0,					1, 				'GREAT_WORK_SKALD_30',	-1,   -1, 		 NULL, 		 'TXT_KEY_BUILDING_JFD_ICELAND_GREAT_WRITING',	'TXT_KEY_BUILDING_JFD_ICELAND_GREAT_WRITING_HELP',	2,				null,				1,			100,			'JFD_ICELAND_ATLAS'),
			('BUILDING_JFD_ICELAND_HAPPINESS',				'BUILDINGCLASS_JFD_ICELAND_ALT',null,							2,					-1, 			NULL,					-1,   -1, 		 NULL, 		 'TXT_KEY_BUILDING_JFD_ICELAND_HAPPINESS',		null,												0,				null,				1,			0,				null);
--==========================================================================================================================	
-- Building_ClassesNeededInCity
--==========================================================================================================================	
INSERT INTO Building_ClassesNeededInCity 	
			(BuildingType, 					BuildingClassType)
SELECT		('BUILDING_JFD_THINGSTEAD'),	BuildingClassType
FROM Building_ClassesNeededInCity WHERE BuildingType = 'BUILDING_AMPHITHEATER';	
--==========================================================================================================================	
-- Building_YieldChanges
--==========================================================================================================================	
INSERT INTO Building_YieldChanges
			(BuildingType, 					YieldType, Yield)
SELECT		('BUILDING_JFD_THINGSTEAD'),	YieldType, 2
FROM Building_YieldChanges WHERE BuildingType = 'BUILDING_AMPHITHEATER';
--==========================================================================================================================	
-- Building_Flavors
--==========================================================================================================================	
INSERT INTO Building_Flavors 	
			(BuildingType, 					FlavorType, Flavor)
SELECT		('BUILDING_JFD_THINGSTEAD'),	FlavorType, Flavor
FROM Building_Flavors WHERE BuildingType = 'BUILDING_AMPHITHEATER';

INSERT INTO Building_Flavors
			(BuildingType,					FlavorType,					Flavor)
VALUES		('BUILDING_JFD_THINGSTEAD',		'FLAVOR_PRODUCTION',		15),
			('BUILDING_JFD_THINGSTEAD',		'FLAVOR_HAPPINESS',			10),
			('BUILDING_JFD_THINGSTEAD',		'FLAVOR_EXPANSION',			20),
			('BUILDING_JFD_THINGSTEAD',		'FLAVOR_I_SEA_TRADE_ROUTE',	10);
--==========================================================================================================================	
--==========================================================================================================================	